<?xml version="1.0" encoding="utf-8"?>
<odoo>
    <data>
        <record id="paperformat_estimacion1" model="report.paperformat">
            <field name="name">estimacion A4</field>
            <field name="default" eval="True"/>
            <field name="format">A4</field>
            <field name="page_height">0</field>
            <field name="page_width">0</field>
            <field name="orientation">Landscape</field>
            <field name="margin_top">5</field>
            <field name="margin_bottom">0</field>
            <field name="margin_left">0</field>
            <field name="margin_right">0</field>
            <field name="header_line" eval="False"/>
            <field name="header_spacing">35</field>
            <field name="dpi">90</field>
        </record>
    </data>
</odoo>